id;login_participant;password_participant;evenement_id
1;Realigned Buckinghamshire;Grass-roots Turkish Lira;1
2;Missouri;Steel;2
3;bluetooth;hacking;3
4;French Southern Territories digital;Buckinghamshire online;4
5;transmit Expanded;Optimization Plastic synthesize;5
6;multi-byte Cheese ivory;Pennsylvania responsive;6
7;communities;support Cotton;7
8;deposit Luxembourg 4th generation;harness redundant;8
9;Checking Account;Integrated Stand-alone;9
10;CFA Franc BEAC revolutionary Designer;ubiquitous Avon Buckinghamshire;10
